parameter_version,,,,,,,,,,,,,,,,,,,,,,,,,,,,,,,,,,,,,,,,,,,,,,,,,,,,
20210729,,,,,,,,,,,,,,,,,,,,,,,,,,,,,,,,,,,,,,,,,,,,,,,,,,,,
noise_test_limit_hb,,,,,,,,,,,,,,,,,,,,,,,,,,,,,,,,,,,,,,,,,,,,,,,,,,,,
300,300,300,300,300,300,300,300,300,300,300,300,300,300,300,300,300,300,300,300,300,300,300,300,300,300,300,300,300,300,300,300,300,300,300,300,300,300,300,300,300,300,300,300,300,300,300,300,300,300,300,300,300
300,300,300,300,300,300,300,300,300,300,300,300,300,300,300,300,300,300,300,300,300,300,300,300,300,300,300,300,300,300,300,300,300,300,300,300,300,300,300,300,300,300,300,300,300,300,300,300,300,300,300,300,300
300,300,300,300,300,300,300,300,300,300,300,300,300,300,300,300,300,300,300,300,300,300,300,300,300,300,300,300,300,300,300,300,300,300,300,300,300,300,300,300,300,300,300,300,300,300,300,300,300,300,300,300,300
300,300,300,300,300,300,300,300,300,300,300,300,300,300,300,300,300,300,300,300,300,300,300,300,300,300,300,300,300,300,300,300,300,300,300,300,300,300,300,300,300,300,300,300,300,300,300,300,300,300,300,300,300
300,300,300,300,300,300,300,300,300,300,300,300,300,300,300,300,300,300,300,300,300,300,300,300,300,300,300,300,300,300,300,300,300,300,300,300,300,300,300,300,300,300,300,300,300,300,300,300,300,300,300,300,300
300,300,300,300,300,300,300,300,300,300,300,300,300,300,300,300,300,300,300,300,300,300,300,300,300,300,300,300,300,300,300,300,300,300,300,300,300,300,300,300,300,300,300,300,300,300,300,300,300,300,300,300,300
300,300,300,300,300,300,300,300,300,300,300,300,300,300,300,300,300,300,300,300,300,300,300,300,300,300,300,300,300,300,300,300,300,300,300,300,300,300,300,300,300,300,300,300,300,300,300,300,300,300,300,300,300
300,300,300,300,300,300,300,300,300,300,300,300,300,300,300,300,300,300,300,300,300,300,300,300,300,300,300,300,300,300,300,300,300,300,300,300,300,300,300,300,300,300,300,300,300,300,300,300,300,300,300,300,300
300,300,300,300,300,300,300,300,300,300,300,300,300,300,300,300,300,300,300,300,300,300,300,300,300,300,300,300,300,300,300,300,300,300,300,300,300,300,300,300,300,300,300,300,300,300,300,300,300,300,300,300,300
300,300,300,300,300,300,300,300,300,300,300,300,300,300,300,300,300,300,300,300,300,300,300,300,300,300,300,300,300,300,300,300,300,300,300,300,300,300,300,300,300,300,300,300,300,300,300,300,300,300,300,300,300
300,300,300,300,300,300,300,300,300,300,300,300,300,300,300,300,300,300,300,300,300,300,300,300,300,300,300,300,300,300,300,300,300,300,300,300,300,300,300,300,300,300,300,300,300,300,300,300,300,300,300,300,300
300,300,300,300,300,300,300,300,300,300,300,300,300,300,300,300,300,300,300,300,300,300,300,300,300,300,300,300,300,300,300,300,300,300,300,300,300,300,300,300,300,300,300,300,300,300,300,300,300,300,300,300,300
300,300,300,300,300,300,300,300,300,300,300,300,300,300,300,300,300,300,300,300,300,300,300,300,300,300,300,300,300,300,300,300,300,300,300,300,300,300,300,300,300,300,300,300,300,300,300,300,300,300,300,300,300
300,300,300,300,300,300,300,300,300,300,300,300,300,300,300,300,300,300,300,300,300,300,300,300,300,300,300,300,300,300,300,300,300,300,300,300,300,300,300,300,300,300,300,300,300,300,300,300,300,300,300,300,300
300,300,300,300,300,300,300,300,300,300,300,300,300,300,300,300,300,300,300,300,300,300,300,300,300,300,300,300,300,300,300,300,300,300,300,300,300,300,300,300,300,300,300,300,300,300,300,300,300,300,300,300,300
300,300,300,300,300,300,300,300,300,300,300,300,300,300,300,300,300,300,300,300,300,300,300,300,300,300,300,300,300,300,300,300,300,300,300,300,300,300,300,300,300,300,300,300,300,300,300,300,300,300,300,300,300
300,300,300,300,300,300,300,300,300,300,300,300,300,300,300,300,300,300,300,300,300,300,300,300,300,300,300,300,300,300,300,300,300,300,300,300,300,300,300,300,300,300,300,300,300,300,300,300,300,300,300,300,300
300,300,300,300,300,300,300,300,300,300,300,300,300,300,300,300,300,300,300,300,300,300,300,300,300,300,300,300,300,300,300,300,300,300,300,300,300,300,300,300,300,300,300,300,300,300,300,300,300,300,300,300,300
300,300,300,300,300,300,300,300,300,300,300,300,300,300,300,300,300,300,300,300,300,300,300,300,300,300,300,300,300,300,300,300,300,300,300,300,300,300,300,300,300,300,300,300,300,300,300,300,300,300,300,300,300
300,300,300,300,300,300,300,300,300,300,300,300,300,300,300,300,300,300,300,300,300,300,300,300,300,300,300,300,300,300,300,300,300,300,300,300,300,300,300,300,300,300,300,300,300,300,300,300,300,300,300,300,300
300,300,300,300,300,300,300,300,300,300,300,300,300,300,300,300,300,300,300,300,300,300,300,300,300,300,300,300,300,300,300,300,300,300,300,300,300,300,300,300,300,300,300,300,300,300,300,300,300,300,300,300,300
300,300,300,300,300,300,300,300,300,300,300,300,300,300,300,300,300,300,300,300,300,300,300,300,300,300,300,300,300,300,300,300,300,300,300,300,300,300,300,300,300,300,300,300,300,300,300,300,300,300,300,300,300
300,300,300,300,300,300,300,300,300,300,300,300,300,300,300,300,300,300,300,300,300,300,300,300,300,300,300,300,300,300,300,300,300,300,300,300,300,300,300,300,300,300,300,300,300,300,300,300,300,300,300,300,300
300,300,300,300,300,300,300,300,300,300,300,300,300,300,300,300,300,300,300,300,300,300,300,300,300,300,300,300,300,300,300,300,300,300,300,300,300,300,300,300,300,300,300,300,300,300,300,300,300,300,300,300,300
300,300,300,300,300,300,300,300,300,300,300,300,300,300,300,300,300,300,300,300,300,300,300,300,300,300,300,300,300,300,300,300,300,300,300,300,300,300,300,300,300,300,300,300,300,300,300,300,300,300,300,300,300
300,300,300,300,300,300,300,300,300,300,300,300,300,300,300,300,300,300,300,300,300,300,300,300,300,300,300,300,300,300,300,300,300,300,300,300,300,300,300,300,300,300,300,300,300,300,300,300,300,300,300,300,300
300,300,300,300,300,300,300,300,300,300,300,300,300,300,300,300,300,300,300,300,300,300,300,300,300,300,300,300,300,300,300,300,300,300,300,300,300,300,300,300,300,300,300,300,300,300,300,300,300,300,300,300,300
300,300,300,300,300,300,300,300,300,300,300,300,300,300,300,300,300,300,300,300,300,300,300,300,300,300,300,300,300,300,300,300,300,300,300,300,300,300,300,300,300,300,300,300,300,300,300,300,300,300,300,300,300
300,300,300,300,300,300,300,300,300,300,300,300,300,300,300,300,300,300,300,300,300,300,300,300,300,300,300,300,300,300,300,300,300,300,300,300,300,300,300,300,300,300,300,300,300,300,300,300,300,300,300,300,300
300,300,300,300,300,300,300,300,300,300,300,300,300,300,300,300,300,300,300,300,300,300,300,300,300,300,300,300,300,300,300,300,300,300,300,300,300,300,300,300,300,300,300,300,300,300,300,300,300,300,300,300,300
300,300,300,300,300,300,300,300,300,300,300,300,300,300,300,300,300,300,300,300,300,300,300,300,300,300,300,300,300,300,300,300,300,300,300,300,300,300,300,300,300,300,300,300,300,300,300,300,300,300,300,300,300
300,300,300,300,300,300,300,300,300,300,300,300,300,300,300,300,300,300,300,300,300,300,300,300,300,300,300,300,300,300,300,300,300,300,300,300,300,300,300,300,300,300,300,300,300,300,300,300,300,300,300,300,300
300,300,300,300,300,300,300,300,300,300,300,300,300,300,300,300,300,300,300,300,300,300,300,300,300,300,300,300,300,300,300,300,300,300,300,300,300,300,300,300,300,300,300,300,300,300,300,300,300,300,300,300,300
300,300,300,300,300,300,300,300,300,300,300,300,300,300,300,300,300,300,300,300,300,300,300,300,300,300,300,300,300,300,300,300,300,300,300,300,300,300,300,300,300,300,300,300,300,300,300,300,300,300,300,300,300
300,300,300,300,300,300,300,300,300,300,300,300,300,300,300,300,300,300,300,300,300,300,300,300,300,300,300,300,300,300,300,300,300,300,300,300,300,300,300,300,300,300,300,300,300,300,300,300,300,300,300,300,300
300,300,300,300,300,300,300,300,300,300,300,300,300,300,300,300,300,300,300,300,300,300,300,300,300,300,300,300,300,300,300,300,300,300,300,300,300,300,300,300,300,300,300,300,300,300,300,300,300,300,300,300,300
300,300,300,300,300,300,300,300,300,300,300,300,300,300,300,300,300,300,300,300,300,300,300,300,300,300,300,300,300,300,300,300,300,300,300,300,300,300,300,300,300,300,300,300,300,300,300,300,300,300,300,300,300
300,300,300,300,300,300,300,300,300,300,300,300,300,300,300,300,300,300,300,300,300,300,300,300,300,300,300,300,300,300,300,300,300,300,300,300,300,300,300,300,300,300,300,300,300,300,300,300,300,300,300,300,300
300,300,300,300,300,300,300,300,300,300,300,300,300,300,300,300,300,300,300,300,300,300,300,300,300,300,300,300,300,300,300,300,300,300,300,300,300,300,300,300,300,300,300,300,300,300,300,300,300,300,300,300,300
noise_test_limit_lb,,,,,,,,,,,,,,,,,,,,,,,,,,,,,,,,,,,,,,,,,,,,,,,,,,,,
-400,-400,-400,-400,-400,-400,-400,-400,-400,-400,-400,-400,-400,-400,-400,-400,-400,-400,-400,-400,-400,-400,-400,-400,-400,-400,-400,-400,-400,-400,-400,-400,-400,-400,-400,-400,-400,-400,-400,-400,-400,-400,-400,-400,-400,-400,-400,-400,-400,-400,-400,-400,-400
-400,-400,-400,-400,-400,-400,-400,-400,-400,-400,-400,-400,-400,-400,-400,-400,-400,-400,-400,-400,-400,-400,-400,-400,-400,-400,-400,-400,-400,-400,-400,-400,-400,-400,-400,-400,-400,-400,-400,-400,-400,-400,-400,-400,-400,-400,-400,-400,-400,-400,-400,-400,-400
-400,-400,-400,-400,-400,-400,-400,-400,-400,-400,-400,-400,-400,-400,-400,-400,-400,-400,-400,-400,-400,-400,-400,-400,-400,-400,-400,-400,-400,-400,-400,-400,-400,-400,-400,-400,-400,-400,-400,-400,-400,-400,-400,-400,-400,-400,-400,-400,-400,-400,-400,-400,-400
-400,-400,-400,-400,-400,-400,-400,-400,-400,-400,-400,-400,-400,-400,-400,-400,-400,-400,-400,-400,-400,-400,-400,-400,-400,-400,-400,-400,-400,-400,-400,-400,-400,-400,-400,-400,-400,-400,-400,-400,-400,-400,-400,-400,-400,-400,-400,-400,-400,-400,-400,-400,-400
-400,-400,-400,-400,-400,-400,-400,-400,-400,-400,-400,-400,-400,-400,-400,-400,-400,-400,-400,-400,-400,-400,-400,-400,-400,-400,-400,-400,-400,-400,-400,-400,-400,-400,-400,-400,-400,-400,-400,-400,-400,-400,-400,-400,-400,-400,-400,-400,-400,-400,-400,-400,-400
-400,-400,-400,-400,-400,-400,-400,-400,-400,-400,-400,-400,-400,-400,-400,-400,-400,-400,-400,-400,-400,-400,-400,-400,-400,-400,-400,-400,-400,-400,-400,-400,-400,-400,-400,-400,-400,-400,-400,-400,-400,-400,-400,-400,-400,-400,-400,-400,-400,-400,-400,-400,-400
-400,-400,-400,-400,-400,-400,-400,-400,-400,-400,-400,-400,-400,-400,-400,-400,-400,-400,-400,-400,-400,-400,-400,-400,-400,-400,-400,-400,-400,-400,-400,-400,-400,-400,-400,-400,-400,-400,-400,-400,-400,-400,-400,-400,-400,-400,-400,-400,-400,-400,-400,-400,-400
-400,-400,-400,-400,-400,-400,-400,-400,-400,-400,-400,-400,-400,-400,-400,-400,-400,-400,-400,-400,-400,-400,-400,-400,-400,-400,-400,-400,-400,-400,-400,-400,-400,-400,-400,-400,-400,-400,-400,-400,-400,-400,-400,-400,-400,-400,-400,-400,-400,-400,-400,-400,-400
-400,-400,-400,-400,-400,-400,-400,-400,-400,-400,-400,-400,-400,-400,-400,-400,-400,-400,-400,-400,-400,-400,-400,-400,-400,-400,-400,-400,-400,-400,-400,-400,-400,-400,-400,-400,-400,-400,-400,-400,-400,-400,-400,-400,-400,-400,-400,-400,-400,-400,-400,-400,-400
-400,-400,-400,-400,-400,-400,-400,-400,-400,-400,-400,-400,-400,-400,-400,-400,-400,-400,-400,-400,-400,-400,-400,-400,-400,-400,-400,-400,-400,-400,-400,-400,-400,-400,-400,-400,-400,-400,-400,-400,-400,-400,-400,-400,-400,-400,-400,-400,-400,-400,-400,-400,-400
-400,-400,-400,-400,-400,-400,-400,-400,-400,-400,-400,-400,-400,-400,-400,-400,-400,-400,-400,-400,-400,-400,-400,-400,-400,-400,-400,-400,-400,-400,-400,-400,-400,-400,-400,-400,-400,-400,-400,-400,-400,-400,-400,-400,-400,-400,-400,-400,-400,-400,-400,-400,-400
-400,-400,-400,-400,-400,-400,-400,-400,-400,-400,-400,-400,-400,-400,-400,-400,-400,-400,-400,-400,-400,-400,-400,-400,-400,-400,-400,-400,-400,-400,-400,-400,-400,-400,-400,-400,-400,-400,-400,-400,-400,-400,-400,-400,-400,-400,-400,-400,-400,-400,-400,-400,-400
-400,-400,-400,-400,-400,-400,-400,-400,-400,-400,-400,-400,-400,-400,-400,-400,-400,-400,-400,-400,-400,-400,-400,-400,-400,-400,-400,-400,-400,-400,-400,-400,-400,-400,-400,-400,-400,-400,-400,-400,-400,-400,-400,-400,-400,-400,-400,-400,-400,-400,-400,-400,-400
-400,-400,-400,-400,-400,-400,-400,-400,-400,-400,-400,-400,-400,-400,-400,-400,-400,-400,-400,-400,-400,-400,-400,-400,-400,-400,-400,-400,-400,-400,-400,-400,-400,-400,-400,-400,-400,-400,-400,-400,-400,-400,-400,-400,-400,-400,-400,-400,-400,-400,-400,-400,-400
-400,-400,-400,-400,-400,-400,-400,-400,-400,-400,-400,-400,-400,-400,-400,-400,-400,-400,-400,-400,-400,-400,-400,-400,-400,-400,-400,-400,-400,-400,-400,-400,-400,-400,-400,-400,-400,-400,-400,-400,-400,-400,-400,-400,-400,-400,-400,-400,-400,-400,-400,-400,-400
-400,-400,-400,-400,-400,-400,-400,-400,-400,-400,-400,-400,-400,-400,-400,-400,-400,-400,-400,-400,-400,-400,-400,-400,-400,-400,-400,-400,-400,-400,-400,-400,-400,-400,-400,-400,-400,-400,-400,-400,-400,-400,-400,-400,-400,-400,-400,-400,-400,-400,-400,-400,-400
-400,-400,-400,-400,-400,-400,-400,-400,-400,-400,-400,-400,-400,-400,-400,-400,-400,-400,-400,-400,-400,-400,-400,-400,-400,-400,-400,-400,-400,-400,-400,-400,-400,-400,-400,-400,-400,-400,-400,-400,-400,-400,-400,-400,-400,-400,-400,-400,-400,-400,-400,-400,-400
-400,-400,-400,-400,-400,-400,-400,-400,-400,-400,-400,-400,-400,-400,-400,-400,-400,-400,-400,-400,-400,-400,-400,-400,-400,-400,-400,-400,-400,-400,-400,-400,-400,-400,-400,-400,-400,-400,-400,-400,-400,-400,-400,-400,-400,-400,-400,-400,-400,-400,-400,-400,-400
-400,-400,-400,-400,-400,-400,-400,-400,-400,-400,-400,-400,-400,-400,-400,-400,-400,-400,-400,-400,-400,-400,-400,-400,-400,-400,-400,-400,-400,-400,-400,-400,-400,-400,-400,-400,-400,-400,-400,-400,-400,-400,-400,-400,-400,-400,-400,-400,-400,-400,-400,-400,-400
-400,-400,-400,-400,-400,-400,-400,-400,-400,-400,-400,-400,-400,-400,-400,-400,-400,-400,-400,-400,-400,-400,-400,-400,-400,-400,-400,-400,-400,-400,-400,-400,-400,-400,-400,-400,-400,-400,-400,-400,-400,-400,-400,-400,-400,-400,-400,-400,-400,-400,-400,-400,-400
-400,-400,-400,-400,-400,-400,-400,-400,-400,-400,-400,-400,-400,-400,-400,-400,-400,-400,-400,-400,-400,-400,-400,-400,-400,-400,-400,-400,-400,-400,-400,-400,-400,-400,-400,-400,-400,-400,-400,-400,-400,-400,-400,-400,-400,-400,-400,-400,-400,-400,-400,-400,-400
-400,-400,-400,-400,-400,-400,-400,-400,-400,-400,-400,-400,-400,-400,-400,-400,-400,-400,-400,-400,-400,-400,-400,-400,-400,-400,-400,-400,-400,-400,-400,-400,-400,-400,-400,-400,-400,-400,-400,-400,-400,-400,-400,-400,-400,-400,-400,-400,-400,-400,-400,-400,-400
-400,-400,-400,-400,-400,-400,-400,-400,-400,-400,-400,-400,-400,-400,-400,-400,-400,-400,-400,-400,-400,-400,-400,-400,-400,-400,-400,-400,-400,-400,-400,-400,-400,-400,-400,-400,-400,-400,-400,-400,-400,-400,-400,-400,-400,-400,-400,-400,-400,-400,-400,-400,-400
-400,-400,-400,-400,-400,-400,-400,-400,-400,-400,-400,-400,-400,-400,-400,-400,-400,-400,-400,-400,-400,-400,-400,-400,-400,-400,-400,-400,-400,-400,-400,-400,-400,-400,-400,-400,-400,-400,-400,-400,-400,-400,-400,-400,-400,-400,-400,-400,-400,-400,-400,-400,-400
-400,-400,-400,-400,-400,-400,-400,-400,-400,-400,-400,-400,-400,-400,-400,-400,-400,-400,-400,-400,-400,-400,-400,-400,-400,-400,-400,-400,-400,-400,-400,-400,-400,-400,-400,-400,-400,-400,-400,-400,-400,-400,-400,-400,-400,-400,-400,-400,-400,-400,-400,-400,-400
-400,-400,-400,-400,-400,-400,-400,-400,-400,-400,-400,-400,-400,-400,-400,-400,-400,-400,-400,-400,-400,-400,-400,-400,-400,-400,-400,-400,-400,-400,-400,-400,-400,-400,-400,-400,-400,-400,-400,-400,-400,-400,-400,-400,-400,-400,-400,-400,-400,-400,-400,-400,-400
-400,-400,-400,-400,-400,-400,-400,-400,-400,-400,-400,-400,-400,-400,-400,-400,-400,-400,-400,-400,-400,-400,-400,-400,-400,-400,-400,-400,-400,-400,-400,-400,-400,-400,-400,-400,-400,-400,-400,-400,-400,-400,-400,-400,-400,-400,-400,-400,-400,-400,-400,-400,-400
-400,-400,-400,-400,-400,-400,-400,-400,-400,-400,-400,-400,-400,-400,-400,-400,-400,-400,-400,-400,-400,-400,-400,-400,-400,-400,-400,-400,-400,-400,-400,-400,-400,-400,-400,-400,-400,-400,-400,-400,-400,-400,-400,-400,-400,-400,-400,-400,-400,-400,-400,-400,-400
-400,-400,-400,-400,-400,-400,-400,-400,-400,-400,-400,-400,-400,-400,-400,-400,-400,-400,-400,-400,-400,-400,-400,-400,-400,-400,-400,-400,-400,-400,-400,-400,-400,-400,-400,-400,-400,-400,-400,-400,-400,-400,-400,-400,-400,-400,-400,-400,-400,-400,-400,-400,-400
-400,-400,-400,-400,-400,-400,-400,-400,-400,-400,-400,-400,-400,-400,-400,-400,-400,-400,-400,-400,-400,-400,-400,-400,-400,-400,-400,-400,-400,-400,-400,-400,-400,-400,-400,-400,-400,-400,-400,-400,-400,-400,-400,-400,-400,-400,-400,-400,-400,-400,-400,-400,-400
-400,-400,-400,-400,-400,-400,-400,-400,-400,-400,-400,-400,-400,-400,-400,-400,-400,-400,-400,-400,-400,-400,-400,-400,-400,-400,-400,-400,-400,-400,-400,-400,-400,-400,-400,-400,-400,-400,-400,-400,-400,-400,-400,-400,-400,-400,-400,-400,-400,-400,-400,-400,-400
-400,-400,-400,-400,-400,-400,-400,-400,-400,-400,-400,-400,-400,-400,-400,-400,-400,-400,-400,-400,-400,-400,-400,-400,-400,-400,-400,-400,-400,-400,-400,-400,-400,-400,-400,-400,-400,-400,-400,-400,-400,-400,-400,-400,-400,-400,-400,-400,-400,-400,-400,-400,-400
-400,-400,-400,-400,-400,-400,-400,-400,-400,-400,-400,-400,-400,-400,-400,-400,-400,-400,-400,-400,-400,-400,-400,-400,-400,-400,-400,-400,-400,-400,-400,-400,-400,-400,-400,-400,-400,-400,-400,-400,-400,-400,-400,-400,-400,-400,-400,-400,-400,-400,-400,-400,-400
-400,-400,-400,-400,-400,-400,-400,-400,-400,-400,-400,-400,-400,-400,-400,-400,-400,-400,-400,-400,-400,-400,-400,-400,-400,-400,-400,-400,-400,-400,-400,-400,-400,-400,-400,-400,-400,-400,-400,-400,-400,-400,-400,-400,-400,-400,-400,-400,-400,-400,-400,-400,-400
-400,-400,-400,-400,-400,-400,-400,-400,-400,-400,-400,-400,-400,-400,-400,-400,-400,-400,-400,-400,-400,-400,-400,-400,-400,-400,-400,-400,-400,-400,-400,-400,-400,-400,-400,-400,-400,-400,-400,-400,-400,-400,-400,-400,-400,-400,-400,-400,-400,-400,-400,-400,-400
-400,-400,-400,-400,-400,-400,-400,-400,-400,-400,-400,-400,-400,-400,-400,-400,-400,-400,-400,-400,-400,-400,-400,-400,-400,-400,-400,-400,-400,-400,-400,-400,-400,-400,-400,-400,-400,-400,-400,-400,-400,-400,-400,-400,-400,-400,-400,-400,-400,-400,-400,-400,-400
-400,-400,-400,-400,-400,-400,-400,-400,-400,-400,-400,-400,-400,-400,-400,-400,-400,-400,-400,-400,-400,-400,-400,-400,-400,-400,-400,-400,-400,-400,-400,-400,-400,-400,-400,-400,-400,-400,-400,-400,-400,-400,-400,-400,-400,-400,-400,-400,-400,-400,-400,-400,-400
-400,-400,-400,-400,-400,-400,-400,-400,-400,-400,-400,-400,-400,-400,-400,-400,-400,-400,-400,-400,-400,-400,-400,-400,-400,-400,-400,-400,-400,-400,-400,-400,-400,-400,-400,-400,-400,-400,-400,-400,-400,-400,-400,-400,-400,-400,-400,-400,-400,-400,-400,-400,-400
-400,-400,-400,-400,-400,-400,-400,-400,-400,-400,-400,-400,-400,-400,-400,-400,-400,-400,-400,-400,-400,-400,-400,-400,-400,-400,-400,-400,-400,-400,-400,-400,-400,-400,-400,-400,-400,-400,-400,-400,-400,-400,-400,-400,-400,-400,-400,-400,-400,-400,-400,-400,-400
noise_test_hb,,,,,,,,,,,,,,,,,,,,,,,,,,,,,,,,,,,,,,,,,,,,,,,,,,,,
60,60,60,60,60,60,60,60,60,60,60,60,60,60,60,60,60,60,60,60,60,60,60,60,60,60,60,60,60,60,60,60,60,60,60,60,60,60,60,60,60,60,60,60,60,60,60,60,60,60,60,60,60
60,60,60,60,60,60,60,60,60,60,60,60,60,60,60,60,60,60,60,60,60,60,60,60,60,60,60,60,60,60,60,60,60,60,60,60,60,60,60,60,60,60,60,60,60,60,60,60,60,60,60,60,60
60,60,60,60,60,60,60,60,60,60,60,60,60,60,60,60,60,60,60,60,60,60,60,60,60,60,60,60,60,60,60,60,60,60,60,60,60,60,60,60,60,60,60,60,60,60,60,60,60,60,60,60,60
60,60,60,60,60,60,60,60,60,60,60,60,60,60,60,60,60,60,60,60,60,60,60,60,60,60,60,60,60,60,60,60,60,60,60,60,60,60,60,60,60,60,60,60,60,60,60,60,60,60,60,60,60
60,60,60,60,60,60,60,60,60,60,60,60,60,60,60,60,60,60,60,60,60,60,60,60,60,60,60,60,60,60,60,60,60,60,60,60,60,60,60,60,60,60,60,60,60,60,60,60,60,60,60,60,60
60,60,60,60,60,60,60,60,60,60,60,60,60,60,60,60,60,60,60,60,60,60,60,60,60,60,60,60,60,60,60,60,60,60,60,60,60,60,60,60,60,60,60,60,60,60,60,60,60,60,60,60,60
60,60,60,60,60,60,60,60,60,60,60,60,60,60,60,60,60,60,60,60,60,60,60,60,60,60,60,60,60,60,60,60,60,60,60,60,60,60,60,60,60,60,60,60,60,60,60,60,60,60,60,60,60
60,60,60,60,60,60,60,60,60,60,60,60,60,60,60,60,60,60,60,60,60,60,60,60,60,60,60,60,60,60,60,60,60,60,60,60,60,60,60,60,60,60,60,60,60,60,60,60,60,60,60,60,60
60,60,60,60,60,60,60,60,60,60,60,60,60,60,60,60,60,60,60,60,60,60,60,60,60,60,60,60,60,60,60,60,60,60,60,60,60,60,60,60,60,60,60,60,60,60,60,60,60,60,60,60,60
60,60,60,60,60,60,60,60,60,60,60,60,60,60,60,60,60,60,60,60,60,60,60,60,60,60,60,60,60,60,60,60,60,60,60,60,60,60,60,60,60,60,60,60,60,60,60,60,60,60,60,60,60
60,60,60,60,60,60,60,60,60,60,60,60,60,60,60,60,60,60,60,60,60,60,60,60,60,60,60,60,60,60,60,60,60,60,60,60,60,60,60,60,60,60,60,60,60,60,60,60,60,60,60,60,60
60,60,60,60,60,60,60,60,60,60,60,60,60,60,60,60,60,60,60,60,60,60,60,60,60,60,60,60,60,60,60,60,60,60,60,60,60,60,60,60,60,60,60,60,60,60,60,60,60,60,60,60,60
60,60,60,60,60,60,60,60,60,60,60,60,60,60,60,60,60,60,60,60,60,60,60,60,60,60,60,60,60,60,60,60,60,60,60,60,60,60,60,60,60,60,60,60,60,60,60,60,60,60,60,60,60
60,60,60,60,60,60,60,60,60,60,60,60,60,60,60,60,60,60,60,60,60,60,60,60,60,60,60,60,60,60,60,60,60,60,60,60,60,60,60,60,60,60,60,60,60,60,60,60,60,60,60,60,60
60,60,60,60,60,60,60,60,60,60,60,60,60,60,60,60,60,60,60,60,60,60,60,60,60,60,60,60,60,60,60,60,60,60,60,60,60,60,60,60,60,60,60,60,60,60,60,60,60,60,60,60,60
60,60,60,60,60,60,60,60,60,60,60,60,60,60,60,60,60,60,60,60,60,60,60,60,60,60,60,60,60,60,60,60,60,60,60,60,60,60,60,60,60,60,60,60,60,60,60,60,60,60,60,60,60
60,60,60,60,60,60,60,60,60,60,60,60,60,60,60,60,60,60,60,60,60,60,60,60,60,60,60,60,60,60,60,60,60,60,60,60,60,60,60,60,60,60,60,60,60,60,60,60,60,60,60,60,60
60,60,60,60,60,60,60,60,60,60,60,60,60,60,60,60,60,60,60,60,60,60,60,60,60,60,60,60,60,60,60,60,60,60,60,60,60,60,60,60,60,60,60,60,60,60,60,60,60,60,60,60,60
60,60,60,60,60,60,60,60,60,60,60,60,60,60,60,60,60,60,60,60,60,60,60,60,60,60,60,60,60,60,60,60,60,60,60,60,60,60,60,60,60,60,60,60,60,60,60,60,60,60,60,60,60
60,60,60,60,60,60,60,60,60,60,60,60,60,60,60,60,60,60,60,60,60,60,60,60,60,60,60,60,60,60,60,60,60,60,60,60,60,60,60,60,60,60,60,60,60,60,60,60,60,60,60,60,60
60,60,60,60,60,60,60,60,60,60,60,60,60,60,60,60,60,60,60,60,60,60,60,60,60,60,60,60,60,60,60,60,60,60,60,60,60,60,60,60,60,60,60,60,60,60,60,60,60,60,60,60,60
60,60,60,60,60,60,60,60,60,60,60,60,60,60,60,60,60,60,60,60,60,60,60,60,60,60,60,60,60,60,60,60,60,60,60,60,60,60,60,60,60,60,60,60,60,60,60,60,60,60,60,60,60
60,60,60,60,60,60,60,60,60,60,60,60,60,60,60,60,60,60,60,60,60,60,60,60,60,60,60,60,60,60,60,60,60,60,60,60,60,60,60,60,60,60,60,60,60,60,60,60,60,60,60,60,60
60,60,60,60,60,60,60,60,60,60,60,60,60,60,60,60,60,60,60,60,60,60,60,60,60,60,60,60,60,60,60,60,60,60,60,60,60,60,60,60,60,60,60,60,60,60,60,60,60,60,60,60,60
60,60,60,60,60,60,60,60,60,60,60,60,60,60,60,60,60,60,60,60,60,60,60,60,60,60,60,60,60,60,60,60,60,60,60,60,60,60,60,60,60,60,60,60,60,60,60,60,60,60,60,60,60
60,60,60,60,60,60,60,60,60,60,60,60,60,60,60,60,60,60,60,60,60,60,60,60,60,60,60,60,60,60,60,60,60,60,60,60,60,60,60,60,60,60,60,60,60,60,60,60,60,60,60,60,60
60,60,60,60,60,60,60,60,60,60,60,60,60,60,60,60,60,60,60,60,60,60,60,60,60,60,60,60,60,60,60,60,60,60,60,60,60,60,60,60,60,60,60,60,60,60,60,60,60,60,60,60,60
60,60,60,60,60,60,60,60,60,60,60,60,60,60,60,60,60,60,60,60,60,60,60,60,60,60,60,60,60,60,60,60,60,60,60,60,60,60,60,60,60,60,60,60,60,60,60,60,60,60,60,60,60
60,60,60,60,60,60,60,60,60,60,60,60,60,60,60,60,60,60,60,60,60,60,60,60,60,60,60,60,60,60,60,60,60,60,60,60,60,60,60,60,60,60,60,60,60,60,60,60,60,60,60,60,60
60,60,60,60,60,60,60,60,60,60,60,60,60,60,60,60,60,60,60,60,60,60,60,60,60,60,60,60,60,60,60,60,60,60,60,60,60,60,60,60,60,60,60,60,60,60,60,60,60,60,60,60,60
60,60,60,60,60,60,60,60,60,60,60,60,60,60,60,60,60,60,60,60,60,60,60,60,60,60,60,60,60,60,60,60,60,60,60,60,60,60,60,60,60,60,60,60,60,60,60,60,60,60,60,60,60
60,60,60,60,60,60,60,60,60,60,60,60,60,60,60,60,60,60,60,60,60,60,60,60,60,60,60,60,60,60,60,60,60,60,60,60,60,60,60,60,60,60,60,60,60,60,60,60,60,60,60,60,60
60,60,60,60,60,60,60,60,60,60,60,60,60,60,60,60,60,60,60,60,60,60,60,60,60,60,60,60,60,60,60,60,60,60,60,60,60,60,60,60,60,60,60,60,60,60,60,60,60,60,60,60,60
60,60,60,60,60,60,60,60,60,60,60,60,60,60,60,60,60,60,60,60,60,60,60,60,60,60,60,60,60,60,60,60,60,60,60,60,60,60,60,60,60,60,60,60,60,60,60,60,60,60,60,60,60
60,60,60,60,60,60,60,60,60,60,60,60,60,60,60,60,60,60,60,60,60,60,60,60,60,60,60,60,60,60,60,60,60,60,60,60,60,60,60,60,60,60,60,60,60,60,60,60,60,60,60,60,60
60,60,60,60,60,60,60,60,60,60,60,60,60,60,60,60,60,60,60,60,60,60,60,60,60,60,60,60,60,60,60,60,60,60,60,60,60,60,60,60,60,60,60,60,60,60,60,60,60,60,60,60,60
60,60,60,60,60,60,60,60,60,60,60,60,60,60,60,60,60,60,60,60,60,60,60,60,60,60,60,60,60,60,60,60,60,60,60,60,60,60,60,60,60,60,60,60,60,60,60,60,60,60,60,60,60
60,60,60,60,60,60,60,60,60,60,60,60,60,60,60,60,60,60,60,60,60,60,60,60,60,60,60,60,60,60,60,60,60,60,60,60,60,60,60,60,60,60,60,60,60,60,60,60,60,60,60,60,60
60,60,60,60,60,60,60,60,60,60,60,60,60,60,60,60,60,60,60,60,60,60,60,60,60,60,60,60,60,60,60,60,60,60,60,60,60,60,60,60,60,60,60,60,60,60,60,60,60,60,60,60,60
noise_test_lb,,,,,,,,,,,,,,,,,,,,,,,,,,,,,,,,,,,,,,,,,,,,,,,,,,,,
-120,-120,-120,-120,-120,-120,-120,-120,-120,-120,-120,-120,-120,-120,-120,-120,-120,-120,-120,-120,-120,-120,-120,-120,-120,-120,-120,-120,-120,-120,-120,-120,-120,-120,-120,-120,-120,-120,-120,-120,-120,-120,-120,-120,-120,-120,-120,-120,-120,-120,-120,-120,-120
-120,-120,-120,-120,-120,-120,-120,-120,-120,-120,-120,-120,-120,-120,-120,-120,-120,-120,-120,-120,-120,-120,-120,-120,-120,-120,-120,-120,-120,-120,-120,-120,-120,-120,-120,-120,-120,-120,-120,-120,-120,-120,-120,-120,-120,-120,-120,-120,-120,-120,-120,-120,-120
-120,-120,-120,-120,-120,-120,-120,-120,-120,-120,-120,-120,-120,-120,-120,-120,-120,-120,-120,-120,-120,-120,-120,-120,-120,-120,-120,-120,-120,-120,-120,-120,-120,-120,-120,-120,-120,-120,-120,-120,-120,-120,-120,-120,-120,-120,-120,-120,-120,-120,-120,-120,-120
-120,-120,-120,-120,-120,-120,-120,-120,-120,-120,-120,-120,-120,-120,-120,-120,-120,-120,-120,-120,-120,-120,-120,-120,-120,-120,-120,-120,-120,-120,-120,-120,-120,-120,-120,-120,-120,-120,-120,-120,-120,-120,-120,-120,-120,-120,-120,-120,-120,-120,-120,-120,-120
-120,-120,-120,-120,-120,-120,-120,-120,-120,-120,-120,-120,-120,-120,-120,-120,-120,-120,-120,-120,-120,-120,-120,-120,-120,-120,-120,-120,-120,-120,-120,-120,-120,-120,-120,-120,-120,-120,-120,-120,-120,-120,-120,-120,-120,-120,-120,-120,-120,-120,-120,-120,-120
-120,-120,-120,-120,-120,-120,-120,-120,-120,-120,-120,-120,-120,-120,-120,-120,-120,-120,-120,-120,-120,-120,-120,-120,-120,-120,-120,-120,-120,-120,-120,-120,-120,-120,-120,-120,-120,-120,-120,-120,-120,-120,-120,-120,-120,-120,-120,-120,-120,-120,-120,-120,-120
-120,-120,-120,-120,-120,-120,-120,-120,-120,-120,-120,-120,-120,-120,-120,-120,-120,-120,-120,-120,-120,-120,-120,-120,-120,-120,-120,-120,-120,-120,-120,-120,-120,-120,-120,-120,-120,-120,-120,-120,-120,-120,-120,-120,-120,-120,-120,-120,-120,-120,-120,-120,-120
-120,-120,-120,-120,-120,-120,-120,-120,-120,-120,-120,-120,-120,-120,-120,-120,-120,-120,-120,-120,-120,-120,-120,-120,-120,-120,-120,-120,-120,-120,-120,-120,-120,-120,-120,-120,-120,-120,-120,-120,-120,-120,-120,-120,-120,-120,-120,-120,-120,-120,-120,-120,-120
-120,-120,-120,-120,-120,-120,-120,-120,-120,-120,-120,-120,-120,-120,-120,-120,-120,-120,-120,-120,-120,-120,-120,-120,-120,-120,-120,-120,-120,-120,-120,-120,-120,-120,-120,-120,-120,-120,-120,-120,-120,-120,-120,-120,-120,-120,-120,-120,-120,-120,-120,-120,-120
-120,-120,-120,-120,-120,-120,-120,-120,-120,-120,-120,-120,-120,-120,-120,-120,-120,-120,-120,-120,-120,-120,-120,-120,-120,-120,-120,-120,-120,-120,-120,-120,-120,-120,-120,-120,-120,-120,-120,-120,-120,-120,-120,-120,-120,-120,-120,-120,-120,-120,-120,-120,-120
-120,-120,-120,-120,-120,-120,-120,-120,-120,-120,-120,-120,-120,-120,-120,-120,-120,-120,-120,-120,-120,-120,-120,-120,-120,-120,-120,-120,-120,-120,-120,-120,-120,-120,-120,-120,-120,-120,-120,-120,-120,-120,-120,-120,-120,-120,-120,-120,-120,-120,-120,-120,-120
-120,-120,-120,-120,-120,-120,-120,-120,-120,-120,-120,-120,-120,-120,-120,-120,-120,-120,-120,-120,-120,-120,-120,-120,-120,-120,-120,-120,-120,-120,-120,-120,-120,-120,-120,-120,-120,-120,-120,-120,-120,-120,-120,-120,-120,-120,-120,-120,-120,-120,-120,-120,-120
-120,-120,-120,-120,-120,-120,-120,-120,-120,-120,-120,-120,-120,-120,-120,-120,-120,-120,-120,-120,-120,-120,-120,-120,-120,-120,-120,-120,-120,-120,-120,-120,-120,-120,-120,-120,-120,-120,-120,-120,-120,-120,-120,-120,-120,-120,-120,-120,-120,-120,-120,-120,-120
-120,-120,-120,-120,-120,-120,-120,-120,-120,-120,-120,-120,-120,-120,-120,-120,-120,-120,-120,-120,-120,-120,-120,-120,-120,-120,-120,-120,-120,-120,-120,-120,-120,-120,-120,-120,-120,-120,-120,-120,-120,-120,-120,-120,-120,-120,-120,-120,-120,-120,-120,-120,-120
-120,-120,-120,-120,-120,-120,-120,-120,-120,-120,-120,-120,-120,-120,-120,-120,-120,-120,-120,-120,-120,-120,-120,-120,-120,-120,-120,-120,-120,-120,-120,-120,-120,-120,-120,-120,-120,-120,-120,-120,-120,-120,-120,-120,-120,-120,-120,-120,-120,-120,-120,-120,-120
-120,-120,-120,-120,-120,-120,-120,-120,-120,-120,-120,-120,-120,-120,-120,-120,-120,-120,-120,-120,-120,-120,-120,-120,-120,-120,-120,-120,-120,-120,-120,-120,-120,-120,-120,-120,-120,-120,-120,-120,-120,-120,-120,-120,-120,-120,-120,-120,-120,-120,-120,-120,-120
-120,-120,-120,-120,-120,-120,-120,-120,-120,-120,-120,-120,-120,-120,-120,-120,-120,-120,-120,-120,-120,-120,-120,-120,-120,-120,-120,-120,-120,-120,-120,-120,-120,-120,-120,-120,-120,-120,-120,-120,-120,-120,-120,-120,-120,-120,-120,-120,-120,-120,-120,-120,-120
-120,-120,-120,-120,-120,-120,-120,-120,-120,-120,-120,-120,-120,-120,-120,-120,-120,-120,-120,-120,-120,-120,-120,-120,-120,-120,-120,-120,-120,-120,-120,-120,-120,-120,-120,-120,-120,-120,-120,-120,-120,-120,-120,-120,-120,-120,-120,-120,-120,-120,-120,-120,-120
-120,-120,-120,-120,-120,-120,-120,-120,-120,-120,-120,-120,-120,-120,-120,-120,-120,-120,-120,-120,-120,-120,-120,-120,-120,-120,-120,-120,-120,-120,-120,-120,-120,-120,-120,-120,-120,-120,-120,-120,-120,-120,-120,-120,-120,-120,-120,-120,-120,-120,-120,-120,-120
-120,-120,-120,-120,-120,-120,-120,-120,-120,-120,-120,-120,-120,-120,-120,-120,-120,-120,-120,-120,-120,-120,-120,-120,-120,-120,-120,-120,-120,-120,-120,-120,-120,-120,-120,-120,-120,-120,-120,-120,-120,-120,-120,-120,-120,-120,-120,-120,-120,-120,-120,-120,-120
-120,-120,-120,-120,-120,-120,-120,-120,-120,-120,-120,-120,-120,-120,-120,-120,-120,-120,-120,-120,-120,-120,-120,-120,-120,-120,-120,-120,-120,-120,-120,-120,-120,-120,-120,-120,-120,-120,-120,-120,-120,-120,-120,-120,-120,-120,-120,-120,-120,-120,-120,-120,-120
-120,-120,-120,-120,-120,-120,-120,-120,-120,-120,-120,-120,-120,-120,-120,-120,-120,-120,-120,-120,-120,-120,-120,-120,-120,-120,-120,-120,-120,-120,-120,-120,-120,-120,-120,-120,-120,-120,-120,-120,-120,-120,-120,-120,-120,-120,-120,-120,-120,-120,-120,-120,-120
-120,-120,-120,-120,-120,-120,-120,-120,-120,-120,-120,-120,-120,-120,-120,-120,-120,-120,-120,-120,-120,-120,-120,-120,-120,-120,-120,-120,-120,-120,-120,-120,-120,-120,-120,-120,-120,-120,-120,-120,-120,-120,-120,-120,-120,-120,-120,-120,-120,-120,-120,-120,-120
-120,-120,-120,-120,-120,-120,-120,-120,-120,-120,-120,-120,-120,-120,-120,-120,-120,-120,-120,-120,-120,-120,-120,-120,-120,-120,-120,-120,-120,-120,-120,-120,-120,-120,-120,-120,-120,-120,-120,-120,-120,-120,-120,-120,-120,-120,-120,-120,-120,-120,-120,-120,-120
-120,-120,-120,-120,-120,-120,-120,-120,-120,-120,-120,-120,-120,-120,-120,-120,-120,-120,-120,-120,-120,-120,-120,-120,-120,-120,-120,-120,-120,-120,-120,-120,-120,-120,-120,-120,-120,-120,-120,-120,-120,-120,-120,-120,-120,-120,-120,-120,-120,-120,-120,-120,-120
-120,-120,-120,-120,-120,-120,-120,-120,-120,-120,-120,-120,-120,-120,-120,-120,-120,-120,-120,-120,-120,-120,-120,-120,-120,-120,-120,-120,-120,-120,-120,-120,-120,-120,-120,-120,-120,-120,-120,-120,-120,-120,-120,-120,-120,-120,-120,-120,-120,-120,-120,-120,-120
-120,-120,-120,-120,-120,-120,-120,-120,-120,-120,-120,-120,-120,-120,-120,-120,-120,-120,-120,-120,-120,-120,-120,-120,-120,-120,-120,-120,-120,-120,-120,-120,-120,-120,-120,-120,-120,-120,-120,-120,-120,-120,-120,-120,-120,-120,-120,-120,-120,-120,-120,-120,-120
-120,-120,-120,-120,-120,-120,-120,-120,-120,-120,-120,-120,-120,-120,-120,-120,-120,-120,-120,-120,-120,-120,-120,-120,-120,-120,-120,-120,-120,-120,-120,-120,-120,-120,-120,-120,-120,-120,-120,-120,-120,-120,-120,-120,-120,-120,-120,-120,-120,-120,-120,-120,-120
-120,-120,-120,-120,-120,-120,-120,-120,-120,-120,-120,-120,-120,-120,-120,-120,-120,-120,-120,-120,-120,-120,-120,-120,-120,-120,-120,-120,-120,-120,-120,-120,-120,-120,-120,-120,-120,-120,-120,-120,-120,-120,-120,-120,-120,-120,-120,-120,-120,-120,-120,-120,-120
-120,-120,-120,-120,-120,-120,-120,-120,-120,-120,-120,-120,-120,-120,-120,-120,-120,-120,-120,-120,-120,-120,-120,-120,-120,-120,-120,-120,-120,-120,-120,-120,-120,-120,-120,-120,-120,-120,-120,-120,-120,-120,-120,-120,-120,-120,-120,-120,-120,-120,-120,-120,-120
-120,-120,-120,-120,-120,-120,-120,-120,-120,-120,-120,-120,-120,-120,-120,-120,-120,-120,-120,-120,-120,-120,-120,-120,-120,-120,-120,-120,-120,-120,-120,-120,-120,-120,-120,-120,-120,-120,-120,-120,-120,-120,-120,-120,-120,-120,-120,-120,-120,-120,-120,-120,-120
-120,-120,-120,-120,-120,-120,-120,-120,-120,-120,-120,-120,-120,-120,-120,-120,-120,-120,-120,-120,-120,-120,-120,-120,-120,-120,-120,-120,-120,-120,-120,-120,-120,-120,-120,-120,-120,-120,-120,-120,-120,-120,-120,-120,-120,-120,-120,-120,-120,-120,-120,-120,-120
-120,-120,-120,-120,-120,-120,-120,-120,-120,-120,-120,-120,-120,-120,-120,-120,-120,-120,-120,-120,-120,-120,-120,-120,-120,-120,-120,-120,-120,-120,-120,-120,-120,-120,-120,-120,-120,-120,-120,-120,-120,-120,-120,-120,-120,-120,-120,-120,-120,-120,-120,-120,-120
-120,-120,-120,-120,-120,-120,-120,-120,-120,-120,-120,-120,-120,-120,-120,-120,-120,-120,-120,-120,-120,-120,-120,-120,-120,-120,-120,-120,-120,-120,-120,-120,-120,-120,-120,-120,-120,-120,-120,-120,-120,-120,-120,-120,-120,-120,-120,-120,-120,-120,-120,-120,-120
-120,-120,-120,-120,-120,-120,-120,-120,-120,-120,-120,-120,-120,-120,-120,-120,-120,-120,-120,-120,-120,-120,-120,-120,-120,-120,-120,-120,-120,-120,-120,-120,-120,-120,-120,-120,-120,-120,-120,-120,-120,-120,-120,-120,-120,-120,-120,-120,-120,-120,-120,-120,-120
-120,-120,-120,-120,-120,-120,-120,-120,-120,-120,-120,-120,-120,-120,-120,-120,-120,-120,-120,-120,-120,-120,-120,-120,-120,-120,-120,-120,-120,-120,-120,-120,-120,-120,-120,-120,-120,-120,-120,-120,-120,-120,-120,-120,-120,-120,-120,-120,-120,-120,-120,-120,-120
-120,-120,-120,-120,-120,-120,-120,-120,-120,-120,-120,-120,-120,-120,-120,-120,-120,-120,-120,-120,-120,-120,-120,-120,-120,-120,-120,-120,-120,-120,-120,-120,-120,-120,-120,-120,-120,-120,-120,-120,-120,-120,-120,-120,-120,-120,-120,-120,-120,-120,-120,-120,-120
-120,-120,-120,-120,-120,-120,-120,-120,-120,-120,-120,-120,-120,-120,-120,-120,-120,-120,-120,-120,-120,-120,-120,-120,-120,-120,-120,-120,-120,-120,-120,-120,-120,-120,-120,-120,-120,-120,-120,-120,-120,-120,-120,-120,-120,-120,-120,-120,-120,-120,-120,-120,-120
-120,-120,-120,-120,-120,-120,-120,-120,-120,-120,-120,-120,-120,-120,-120,-120,-120,-120,-120,-120,-120,-120,-120,-120,-120,-120,-120,-120,-120,-120,-120,-120,-120,-120,-120,-120,-120,-120,-120,-120,-120,-120,-120,-120,-120,-120,-120,-120,-120,-120,-120,-120,-120
noise_test_fail_point,,,,,,,,,,,,,,,,,,,,,,,,,,,,,,,,,,,,,,,,,,,,,,,,,,,,
1,15,,,,,,,,,,,,,,,,,,,,,,,,,,,,,,,,,,,,,,,,,,,,,,,,,,,
adc_lb,,,,,,,,,,,,,,,,,,,,,,,,,,,,,,,,,,,,,,,,,,,,,,,,,,,,
500,,,,,,,,,,,,,,,,,,,,,,,,,,,,,,,,,,,,,,,,,,,,,,,,,,,,
open_analog_parameter,,,,,,,,,,,,,,,,,,,,,,,,,,,,,,,,,,,,,,,,,,,,,,,,,,,,
0,0,15,,,,,,,,,,,,,,,,,,,,,,,,,,,,,,,,,,,,,,,,,,,,,,,,,,
tx_diff_hb,,,,,,,,,,,,,,,,,,,,,,,,,,,,,,,,,,,,,,,,,,,,,,,,,,,,
38,38,38,38,38,38,38,38,38,38,38,38,38,38,38,38,38,38,38,38,38,38,38,38,38,38,38,38,38,38,38,38,38,38,38,38,38,38,38,38,38,38,38,38,38,38,38,38,38,38,38,38,38
38,13,13,13,13,13,13,13,13,13,13,13,13,13,13,13,13,13,13,13,13,13,13,13,13,13,13,13,13,13,13,13,13,13,13,13,13,13,13,13,13,13,13,13,13,13,13,13,13,13,13,13,38
38,13,13,13,13,13,13,13,13,13,13,13,13,13,13,13,13,13,13,13,13,13,13,13,13,13,13,13,13,13,13,13,13,13,13,13,13,13,13,13,13,13,13,13,13,13,13,13,13,13,13,13,38
38,13,13,13,13,13,13,13,13,13,13,13,13,13,13,13,13,13,13,13,13,13,13,13,13,13,13,13,13,13,13,13,13,13,13,13,13,13,13,13,13,13,13,13,13,13,13,13,13,13,13,13,38
38,13,13,13,13,13,13,13,13,13,13,13,13,13,13,13,13,13,13,13,13,13,13,13,13,13,13,13,13,13,13,13,13,13,13,13,13,13,13,13,13,13,13,13,13,13,13,13,13,13,13,13,38
38,13,13,13,13,13,13,13,13,13,13,13,13,13,13,13,13,13,13,13,13,13,13,13,13,13,13,13,13,13,13,13,13,13,13,13,13,13,13,13,13,13,13,13,13,13,13,13,13,13,13,13,38
38,13,13,13,13,13,13,13,13,13,13,13,13,13,13,13,13,13,13,13,13,13,13,13,13,13,13,13,13,13,13,13,13,13,13,13,13,13,13,13,13,13,13,13,13,13,13,13,13,13,13,13,38
38,13,13,13,13,13,13,13,13,13,13,13,13,13,13,13,13,13,13,13,13,13,13,13,13,13,13,13,13,13,13,13,13,13,13,13,13,13,13,13,13,13,13,13,13,13,13,13,13,13,13,13,38
38,13,13,13,13,13,13,13,13,13,13,13,13,13,13,13,13,13,13,13,13,13,13,13,13,13,13,13,13,13,13,13,13,13,13,13,13,13,13,13,13,13,13,13,13,13,13,13,13,13,13,13,38
38,13,13,13,13,13,13,13,13,13,13,13,13,13,13,13,13,13,13,13,13,13,13,13,13,13,13,13,13,13,13,13,13,13,13,13,13,13,13,13,13,13,13,13,13,13,13,13,13,13,13,13,38
38,13,13,13,13,13,13,13,13,13,13,13,13,13,13,13,13,13,13,13,13,13,13,13,13,13,13,13,13,13,13,13,13,13,13,13,13,13,13,13,13,13,13,13,13,13,13,13,13,13,13,13,38
38,13,13,13,13,13,13,13,13,13,13,13,13,13,13,13,13,13,13,13,13,13,13,13,13,13,13,13,13,13,13,13,13,13,13,13,13,13,13,13,13,13,13,13,13,13,13,13,13,13,13,13,38
38,13,13,13,13,13,13,13,13,13,13,13,13,13,13,13,13,13,13,13,13,13,13,13,13,13,13,13,13,13,13,13,13,13,13,13,13,13,13,13,13,13,13,13,13,13,13,13,13,13,13,13,38
38,13,13,13,13,13,13,13,13,13,13,13,13,13,13,13,13,13,13,13,13,13,13,13,13,13,13,13,13,13,13,13,13,13,13,13,13,13,13,13,13,13,13,13,13,13,13,13,13,13,13,13,38
38,13,13,13,13,13,13,13,13,13,13,13,13,13,13,13,13,13,13,13,13,13,13,13,13,13,13,13,13,13,13,13,13,13,13,13,13,13,13,13,13,13,13,13,13,13,13,13,13,13,13,13,38
38,13,13,13,13,13,13,13,13,13,13,13,13,13,13,13,13,13,13,13,13,13,13,13,13,13,13,13,13,13,13,13,13,13,13,13,13,13,13,13,13,13,13,13,13,13,13,13,13,13,13,13,38
38,13,13,13,13,13,13,13,13,13,13,13,13,13,13,13,13,13,13,13,13,13,13,13,13,13,13,13,13,13,13,13,13,13,13,13,13,13,13,13,13,13,13,13,13,13,13,13,13,13,13,13,38
38,13,13,13,13,13,13,13,13,13,13,13,13,13,13,13,13,13,13,13,13,13,13,13,13,13,13,13,13,13,13,13,13,13,13,13,13,13,13,13,13,13,13,13,13,13,13,13,13,13,13,13,38
38,13,13,13,13,13,13,13,13,13,13,13,13,13,13,13,13,13,13,13,13,13,13,13,13,13,13,13,13,13,13,13,13,13,13,13,13,13,13,13,13,13,13,13,13,13,13,13,13,13,13,13,38
38,13,13,13,13,13,13,13,13,13,13,13,13,13,13,13,13,13,13,13,13,13,13,13,13,13,13,13,13,13,13,13,13,13,13,13,13,13,13,13,13,13,13,13,13,13,13,13,13,13,13,13,38
38,13,13,13,13,13,13,13,13,13,13,13,13,13,13,13,13,13,13,13,13,13,13,13,13,13,13,13,13,13,13,13,13,13,13,13,13,13,13,13,13,13,13,13,13,13,13,13,13,13,13,13,38
38,13,13,13,13,13,13,13,13,13,13,13,13,13,13,13,13,13,13,13,13,13,13,13,13,13,13,13,13,13,13,13,13,13,13,13,13,13,13,13,13,13,13,13,13,13,13,13,13,13,13,13,38
38,13,13,13,13,13,13,13,13,13,13,13,13,13,13,13,13,13,13,13,13,13,13,13,13,13,13,13,13,13,13,13,13,13,13,13,13,13,13,13,13,13,13,13,13,13,13,13,13,13,13,13,38
38,13,13,13,13,13,13,13,13,13,13,13,13,13,13,13,13,13,13,13,13,13,13,13,13,13,13,13,13,13,13,13,13,13,13,13,13,13,13,13,13,13,13,13,13,13,13,13,13,13,13,13,38
38,13,13,13,13,13,13,13,13,13,13,13,13,13,13,13,13,13,13,13,13,13,13,13,13,13,13,13,13,13,13,13,13,13,13,13,13,13,13,13,13,13,13,13,13,13,13,13,13,13,13,13,38
38,13,13,13,13,13,13,13,13,13,13,13,13,13,13,13,13,13,13,13,13,13,13,13,13,13,13,13,13,13,13,13,13,13,13,13,13,13,13,13,13,13,13,13,13,13,13,13,13,13,13,13,38
38,13,13,13,13,13,13,13,13,13,13,13,13,13,13,13,13,13,13,13,13,13,13,13,13,13,13,13,13,13,13,13,13,13,13,13,13,13,13,13,13,13,13,13,13,13,13,13,13,13,13,13,38
38,13,13,13,13,13,13,13,13,13,13,13,13,13,13,13,13,13,13,13,13,13,13,13,13,13,13,13,13,13,13,13,13,13,13,13,13,13,13,13,13,13,13,13,13,13,13,13,13,13,13,13,38
38,13,13,13,13,13,13,13,13,13,13,13,13,13,13,13,13,13,13,13,13,13,13,13,13,13,13,13,13,13,13,13,13,13,13,13,13,13,13,13,13,13,13,13,13,13,13,13,13,13,13,13,38
38,13,13,13,13,13,13,13,13,13,13,13,13,13,13,13,13,13,13,13,13,13,13,13,13,13,13,13,13,13,13,13,13,13,13,13,13,13,13,13,13,13,13,13,13,13,13,13,13,13,13,13,38
38,13,13,13,13,13,13,13,13,13,13,13,13,13,13,13,13,13,13,13,13,13,13,13,13,13,13,13,13,13,13,13,13,13,13,13,13,13,13,13,13,13,13,13,13,13,13,13,13,13,13,13,38
38,13,13,13,13,13,13,13,13,13,13,13,13,13,13,13,13,13,13,13,13,13,13,13,13,13,13,13,13,13,13,13,13,13,13,13,13,13,13,13,13,13,13,13,13,13,13,13,13,13,13,13,38
38,13,13,13,13,13,13,13,13,13,13,13,13,13,13,13,13,13,13,13,13,13,13,13,13,13,13,13,13,13,13,13,13,13,13,13,13,13,13,13,13,13,13,13,13,13,13,13,13,13,13,13,38
38,13,13,13,13,13,13,13,13,13,13,13,13,13,13,13,13,13,13,13,13,13,13,13,13,13,13,13,13,13,13,13,13,13,13,13,13,13,13,13,13,13,13,13,13,13,13,13,13,13,13,13,38
38,13,13,13,13,13,13,13,13,13,13,13,13,13,13,13,13,13,13,13,13,13,13,13,13,13,13,13,13,13,13,13,13,13,13,13,13,13,13,13,13,13,13,13,13,13,13,13,13,13,13,13,38
38,13,13,13,13,13,13,13,13,13,13,13,13,13,13,13,13,13,13,13,13,13,13,13,13,13,13,13,13,13,13,13,13,13,13,13,13,13,13,13,13,13,13,13,13,13,13,13,13,13,13,13,38
38,13,13,13,13,13,13,13,13,13,13,13,13,13,13,13,13,13,13,13,13,13,13,13,13,13,13,13,13,13,13,13,13,13,13,13,13,13,13,13,13,13,13,13,13,13,13,13,13,13,13,13,38
38,38,38,38,38,38,38,38,38,38,38,38,38,38,38,38,38,38,38,38,38,38,38,38,38,38,38,38,38,38,38,38,38,38,38,38,38,38,38,38,38,38,38,38,38,38,38,38,38,38,38,38,38
tx_edge_trace_Count,,,,,,,,,,,,,,,,,,,,,,,,,,,,,,,,,,,,,,,,,,,,,,,,,,,,
1,,,,,,,,,,,,,,,,,,,,,,,,,,,,,,,,,,,,,,,,,,,,,,,,,,,,
tx_over_hbpt_ratio,,,,,,,,,,,,,,,,,,,,,,,,,,,,,,,,,,,,,,,,,,,,,,,,,,,,
10,,,,,,,,,,,,,,,,,,,,,,,,,,,,,,,,,,,,,,,,,,,,,,,,,,,,
rx_diff_hb,,,,,,,,,,,,,,,,,,,,,,,,,,,,,,,,,,,,,,,,,,,,,,,,,,,,
38,38,38,38,38,38,38,38,38,38,38,38,38,38,38,38,38,38,38,38,38,38,38,38,38,38,38,38,38,38,38,38,38,38,38,38,38,38,38,38,38,38,38,38,38,38,38,38,38,38,38,38,
38,25,25,25,25,25,25,25,25,25,25,25,25,25,25,25,25,25,25,25,25,25,34,25,25,25,25,25,25,25,25,25,25,25,25,25,25,25,25,25,25,25,25,25,25,25,25,25,25,25,25,38,
38,25,25,25,25,25,25,25,25,25,25,25,25,25,25,25,25,25,25,25,25,25,34,25,25,25,25,25,25,25,25,25,25,25,25,25,25,25,25,25,25,25,25,25,25,25,25,25,25,25,25,38,
38,25,25,25,25,25,25,25,25,25,25,25,25,25,25,25,25,25,25,25,25,25,34,25,25,25,25,25,25,25,25,25,25,25,25,25,25,25,25,25,25,25,25,25,25,25,25,25,25,25,25,38,
38,25,25,25,25,25,25,25,25,25,25,25,25,25,25,25,25,25,25,25,25,25,34,25,25,25,25,25,25,25,25,25,25,25,25,25,25,25,25,25,25,25,25,25,25,25,25,25,25,25,25,38,
38,25,25,25,25,25,25,25,25,25,25,25,25,25,25,25,25,25,25,25,25,25,34,25,25,25,25,25,25,25,25,25,25,25,25,25,25,25,25,25,25,25,25,25,25,25,25,25,25,25,25,38,
38,25,25,25,25,25,25,25,25,25,25,25,25,25,25,25,25,25,25,25,25,25,34,25,25,25,25,25,25,25,25,25,25,25,25,25,25,25,25,25,25,25,25,25,25,25,25,25,25,25,25,38,
38,25,25,25,25,25,25,25,25,25,25,25,25,25,25,25,25,25,25,25,25,25,34,25,25,25,25,25,25,25,25,25,25,25,25,25,25,25,25,25,25,25,25,25,25,25,25,25,25,25,25,38,
38,25,25,25,25,25,25,25,25,25,25,25,25,25,25,25,25,25,25,25,25,25,34,25,25,25,25,25,25,25,25,25,25,25,25,25,25,25,25,25,25,25,25,25,25,25,25,25,25,25,25,38,
38,25,25,25,25,25,25,25,25,25,25,25,25,25,25,25,25,25,25,25,25,25,34,25,25,25,25,25,25,25,25,25,25,25,25,25,25,25,25,25,25,25,25,25,25,25,25,25,25,25,25,38,
38,25,25,25,25,25,25,25,25,25,25,25,25,25,25,25,25,25,25,25,25,25,34,25,25,25,25,25,25,25,25,25,25,25,25,25,25,25,25,25,25,25,25,25,25,25,25,25,25,25,25,38,
38,25,25,25,25,25,25,25,25,25,25,25,25,25,25,25,25,25,25,25,25,25,34,25,25,25,25,25,25,25,25,25,25,25,25,25,25,25,25,25,25,25,25,25,25,25,25,25,25,25,25,38,
38,25,25,25,25,25,25,25,25,25,25,25,25,25,25,25,25,25,25,25,25,25,34,25,25,25,25,25,25,25,25,25,25,25,25,25,25,25,25,25,25,25,25,25,25,25,25,25,25,25,25,38,
38,25,25,25,25,25,25,25,25,25,25,25,25,25,25,25,25,25,25,25,25,25,34,25,25,25,25,25,25,25,25,25,25,25,25,25,25,25,25,25,25,25,25,25,25,25,25,25,25,25,25,38,
38,25,25,25,25,25,25,25,25,25,25,25,25,25,25,25,25,25,25,25,25,25,34,25,25,25,25,25,25,25,25,25,25,25,25,25,25,25,25,25,25,25,25,25,25,25,25,25,25,25,25,38,
38,25,25,25,25,25,25,25,25,25,25,25,25,25,25,25,25,25,25,25,25,25,34,25,25,25,25,25,25,25,25,25,25,25,25,25,25,25,25,25,25,25,25,25,25,25,25,25,25,25,25,38,
38,25,25,25,25,25,25,25,25,25,25,25,25,25,25,25,25,25,25,25,25,25,34,25,25,25,25,25,25,25,25,25,25,25,25,25,25,25,25,25,25,25,25,25,25,25,25,25,25,25,25,38,
38,25,25,25,25,25,25,25,25,25,25,25,25,25,25,25,25,25,25,25,25,25,34,25,25,25,25,25,25,25,25,25,25,25,25,25,25,25,25,25,25,25,25,25,25,25,25,25,25,25,25,38,
38,25,25,25,25,25,25,25,25,25,25,25,25,25,25,25,25,25,25,25,25,25,34,25,25,25,25,25,25,25,25,25,25,25,25,25,25,25,25,25,25,25,25,25,25,25,25,25,25,25,25,38,
38,25,25,25,25,25,25,25,25,25,25,25,25,25,25,25,25,25,25,25,25,25,34,25,25,25,25,25,25,25,25,25,25,25,25,25,25,25,25,25,25,25,25,25,25,25,25,25,25,25,25,38,
38,25,25,25,25,25,25,25,25,25,25,25,25,25,25,25,25,25,25,25,25,25,34,25,25,25,25,25,25,25,25,25,25,25,25,25,25,25,25,25,25,25,25,25,25,25,25,25,25,25,25,38,
38,25,25,25,25,25,25,25,25,25,25,25,25,25,25,25,25,25,25,25,25,25,34,25,25,25,25,25,25,25,25,25,25,25,25,25,25,25,25,25,25,25,25,25,25,25,25,25,25,25,25,38,
38,25,25,25,25,25,25,25,25,25,25,25,25,25,25,25,25,25,25,25,25,25,34,25,25,25,25,25,25,25,25,25,25,25,25,25,25,25,25,25,25,25,25,25,25,25,25,25,25,25,25,38,
38,25,25,25,25,25,25,25,25,25,25,25,25,25,25,25,25,25,25,25,25,25,34,25,25,25,25,25,25,25,25,25,25,25,25,25,25,25,25,25,25,25,25,25,25,25,25,25,25,25,25,38,
38,25,25,25,25,25,25,25,25,25,25,25,25,25,25,25,25,25,25,25,25,25,34,25,25,25,25,25,25,25,25,25,25,25,25,25,25,25,25,25,25,25,25,25,25,25,25,25,25,25,25,38,
38,25,25,25,25,25,25,25,25,25,25,25,25,25,25,25,25,25,25,25,25,25,34,25,25,25,25,25,25,25,25,25,25,25,25,25,25,25,25,25,25,25,25,25,25,25,25,25,25,25,25,38,
38,25,25,25,25,25,25,25,25,25,25,25,25,25,25,25,25,25,25,25,25,25,34,25,25,25,25,25,25,25,25,25,25,25,25,25,25,25,25,25,25,25,25,25,25,25,25,25,25,25,25,38,
38,25,25,25,25,25,25,25,25,25,25,25,25,25,25,25,25,25,25,25,25,25,34,25,25,25,25,25,25,25,25,25,25,25,25,25,25,25,25,25,25,25,25,25,25,25,25,25,25,25,25,38,
38,25,25,25,25,25,25,25,25,25,25,25,25,25,25,25,25,25,25,25,25,25,34,25,25,25,25,25,25,25,25,25,25,25,25,25,25,25,25,25,25,25,25,25,25,25,25,25,25,25,25,38,
38,25,25,25,25,25,25,25,25,25,25,25,25,25,25,25,25,25,25,25,25,25,34,25,25,25,25,25,25,25,25,25,25,25,25,25,25,25,25,25,25,25,25,25,25,25,25,25,25,25,25,38,
38,25,25,25,25,25,25,25,25,25,25,25,25,25,25,25,25,25,25,25,25,25,34,25,25,25,25,25,25,25,25,25,25,25,25,25,25,25,25,25,25,25,25,25,25,25,25,25,25,25,25,38,
38,25,25,25,25,25,25,25,25,25,25,25,25,25,25,25,25,25,25,25,25,25,34,25,25,25,25,25,25,25,25,25,25,25,25,25,25,25,25,25,25,25,25,25,25,25,25,25,25,25,25,38,
38,25,25,25,25,25,25,25,25,25,25,25,25,25,25,25,25,25,25,25,25,25,34,25,25,25,25,25,25,25,25,25,25,25,25,25,25,25,25,25,25,25,25,25,25,25,25,25,25,25,25,38,
38,25,25,25,25,25,25,25,25,25,25,25,25,25,25,25,25,25,25,25,25,25,34,25,25,25,25,25,25,25,25,25,25,25,25,25,25,25,25,25,25,25,25,25,25,25,25,25,25,25,25,38,
38,25,25,25,25,25,25,25,25,25,25,25,25,25,25,25,25,25,25,25,25,25,34,25,25,25,25,25,25,25,25,25,25,25,25,25,25,25,25,25,25,25,25,25,25,25,25,25,25,25,25,38,
38,25,25,25,25,25,25,25,25,25,25,25,25,25,25,25,25,25,25,25,25,25,34,25,25,25,25,25,25,25,25,25,25,25,25,25,25,25,25,25,25,25,25,25,25,25,25,25,25,25,25,38,
38,25,25,25,25,25,25,25,25,25,25,25,25,25,25,25,25,25,25,25,25,25,34,25,25,25,25,25,25,25,25,25,25,25,25,25,25,25,25,25,25,25,25,25,25,25,25,25,25,25,25,38,
38,25,25,25,25,25,25,25,25,25,25,25,25,25,25,25,25,25,25,25,25,25,34,25,25,25,25,25,25,25,25,25,25,25,25,25,25,25,25,25,25,25,25,25,25,25,25,25,25,25,25,38,
38,38,38,38,38,38,38,38,38,38,38,38,38,38,38,38,38,38,38,38,38,38,38,38,38,38,38,38,38,38,38,38,38,38,38,38,38,38,38,38,38,38,38,38,38,38,38,38,38,38,38,38,
rx_edge_trace_count,,,,,,,,,,,,,,,,,,,,,,,,,,,,,,,,,,,,,,,,,,,,,,,,,,,,
1,,,,,,,,,,,,,,,,,,,,,,,,,,,,,,,,,,,,,,,,,,,,,,,,,,,,
rx_over_hbpt_ratio,,,,,,,,,,,,,,,,,,,,,,,,,,,,,,,,,,,,,,,,,,,,,,,,,,,,
12,,,,,,,,,,,,,,,,,,,,,,,,,,,,,,,,,,,,,,,,,,,,,,,,,,,,
short_analog_parameter,,,,,,,,,,,,,,,,,,,,,,,,,,,,,,,,,,,,,,,,,,,,,,,,,,,,
0,60,60,,,,,,,,,,,,,,,,,,,,,,,,,,,,,,,,,,,,,,,,,,,,,,,,,,
rx_trace_adjdiff_hb_cond1,,,,,,,,,,,,,,,,,,,,,,,,,,,,,,,,,,,,,,,,,,,,,,,,,,,,
37.5,37.5,37.5,37.5,37.5,37.5,37.5,37.5,37.5,37.5,37.5,37.5,37.5,37.5,37.5,37.5,37.5,37.5,37.5,37.5,37.5,37.5,37.5,37.5,37.5,37.5,37.5,37.5,37.5,37.5,37.5,37.5,37.5,37.5,37.5,37.5,37.5,37.5,37.5,37.5,37.5,37.5,37.5,37.5,37.5,37.5,37.5,37.5,37.5,37.5,37.5,37.5,
tx_trace_adjdiff_hb_cond1,,,,,,,,,,,,,,,,,,,,,,,,,,,,,,,,,,,,,,,,,,,,,,,,,,,,
37.5,37.5,37.5,37.5,37.5,37.5,37.5,37.5,37.5,37.5,37.5,37.5,37.5,37.5,37.5,37.5,37.5,37.5,37.5,37.5,37.5,37.5,37.5,37.5,37.5,37.5,37.5,37.5,37.5,37.5,37.5,37.5,37.5,37.5,37.5,37.5,37.5,37.5,,,,,,,,,,,,,,,
